algoritmo;num_laberintos;tamaño_laberinto;prob_cambio;tiempo_total_segundos
A*;1;20;0.1;0.002974271774291992
Genetico;1;20;0.1;2.220871686935425
A*;1;20;0.3;0.0021255016326904297
Genetico;1;20;0.3;3.0195953845977783
A*;1;20;0.5;0.0023658275604248047
Genetico;1;20;0.5;3.5899581909179688
